filename,extension,size_bytes,real_title,author,year
01 El ultimo deseo - Andrzej Sapkowski (1993).epub,.epub,411446,El ultimo deseo,Desconocido,
01 El_Juego_de_Ender.pdf,.pdf,1285766,El Juego de Ender,Desconocido,
02 Estación de tormentas - Andrzej Sapkowski (2013).epub,.epub,752110,Estación de tormentas,Desconocido,
03 La espada del destino - Andrzej Sapkowski (1992).epub,.epub,462738,La espada del destino,Desconocido,
04 La sangre de los elfos - Andrzej Sapkowski (1994).epub,.epub,401712,La sangre de los elfos,Desconocido,
05 Tiempo de odio - Andrzej Sapkowski (1995).epub,.epub,507253,Tiempo de odio,Desconocido,
06 Bautismo de fuego - Andrzej Sapkowski (1996).epub,.epub,507800,Bautismo de fuego,Desconocido,
07 La torre de la golondrina - Andrzej Sapkowski (1997).epub,.epub,568402,La torre de la golondrina,Desconocido,
08 La dama del lago - Andrzej Sapkowski (1999).epub,.epub,734327,La dama del lago,Desconocido,
09 Camino sin retorno - Andrzej Sapkowski (2000).epub,.epub,678834,Camino sin retorno,Desconocido,
1192.pdf,.pdf,370856,1192.pdf,Desconocido,
15-05-2021-082725Gone-Girl-Gillian-Flynn.pdf,.pdf,2704233,0525Gone Girl Gillian Flynn,Desconocido,
1675379391_Fahrenheit_451-Ray_Bradbury.pdf,.pdf,479179,Fahrenheit 451 Ray Bradbury,Desconocido,
1984.pdf,.pdf,772181,1984.pdf,Desconocido,
3.txt,.txt,535212,3.txt,Desconocido,
4.pdf,.pdf,1456100,4.pdf,Desconocido,
53797_Los_hombres_que_no_amaban_a_las_mujeres.pdf,.pdf,1032242,Los hombres que no amaban a las mujeres,Desconocido,
6068_4.2.1.POESIA-EPICA.pdf,.pdf,792191,4.2.1.POESIA EPICA,Desconocido,
AAM8264.pdf,.pdf,1046993,AAM8264,Desconocido,
Aldous HGuxley Un mundo Feliz.pdf,.pdf,756965,Aldous HGuxley Un mundo Feliz,Desconocido,
Anónimo Poema del Mio Cid.pdf,.pdf,240775,Anónimo Poema del Mio Cid,Desconocido,
Arcipreste de Hita Libro de buen amor.pdf,.pdf,4059050,Arcipreste de Hita Libro de buen amor,Desconocido,
Area 81 - Stephen King.pdf,.pdf,544942,Area 81,Desconocido,
Buenos presagios Edicion ilustrada - Neil Gaiman.pdf,.pdf,1878848,Buenos presagios Edicion ilustrada,Desconocido,
"c3ad16707_Le Guin, Ursuila K. - Un Mago de Terramar.pdf",.pdf,635271,"c3ad16707 Le Guin, Ursuila K. Un Mago de Terramar",Desconocido,
CAMINO DE PERFECCION.pdf,.pdf,331504,CAMINO DE PERFECCION,Desconocido,
Cancion de Susannah - Stephen King.pdf,.pdf,4586940,Cancion de Susannah,Desconocido,
Cecilia_de_Marsilly-Alejandro_Dumas_Padre.pdf,.pdf,833403,Cecilia de Marsilly Alejandro Dumas Padre,Desconocido,
celestina.txt,.txt,707815,celestina,Desconocido,
Cien anos de soledad Edicion conmemorativa - Gabriel Garcia Marquez.pdf,.pdf,2016763,Cien anos de soledad Edicion conmemorativa,Desconocido,
Clemencia-Ignacio_Manuel_Altamirano.pdf,.pdf,896242,Clemencia Ignacio Manuel Altamirano,Desconocido,
d2.txt,.txt,2363635,d2,Desconocido,
Despues del anochecer - Stephen King.pdf,.pdf,1874125,Despues del anochecer,Desconocido,
Dialnet-VIPasionesBibliograficas-891850.pdf,.pdf,6169236,Dialnet VIPasionesBibliograficas50,Desconocido,
divinacomedia.txt,.txt,741046,divinacomedia,Desconocido,
Doncel_de_don_Enrique_el_doliente-Mariano_Jose_de_Larra.pdf,.pdf,1538152,Doncel de don Enrique el doliente Mariano Jose de Larra,Desconocido,
Dracula.txt,.txt,890386,Dracula,Desconocido,
Duma Key - Stephen King.pdf,.pdf,2933299,Duma Key,Desconocido,
El bazar de los malos suenos - Stephen King.pdf,.pdf,2292705,El bazar de los malos suenos,Desconocido,
El ciclo del hombre lobo - Stephen King.pdf,.pdf,13703582,El ciclo del hombre lobo,Desconocido,
El Código Da Vinci.pdf,.pdf,1152996,El Código Da Vinci,Desconocido,
El diario de Bridget Jones - Helen Fielding.pdf,.pdf,1369806,El diario de Bridget Jones,Desconocido,
El marciano - Andy Weir.pdf,.pdf,1885491,El marciano,Desconocido,
El pistolero - Stephen King.pdf,.pdf,1566523,El pistolero,Desconocido,
EL PSICOANALISTA  - JOHN KATZENBACH.pdf,.pdf,1514730,EL PSICOANALISTA,Desconocido,
El_final_de_Norma-de_Alarcon_Pedro_Antonio.pdf,.pdf,2642742,El final de Norma de Alarcon Pedro Antonio,Desconocido,
el_gran_gatsby_edincr.pdf,.pdf,783915,el gran gatsby edincr,Desconocido,
el_silencio_de_los_corderos.pdf,.pdf,1226872,el silencio de los corderos,Desconocido,
Entre_naranjos-Vicente_Blasco_Ibanez.pdf,.pdf,845219,Entre naranjos Vicente Blasco Ibanez,Desconocido,
Eugenia_Grandet-Balzac_Honore_De.pdf,.pdf,2032726,Eugenia Grandet Balzac Honore De,Desconocido,
Frankenstein.txt,.txt,448924,Frankenstein,Desconocido,
Fundación.pdf,.pdf,593130,Fundación,Desconocido,
Guia del autoestopista galactico - Douglas Adams.pdf,.pdf,1031319,Guia del autoestopista galactico,Desconocido,
"Harper, Lee - Matar Un Ruiseñor.pdf",.pdf,1226893,"Harper, Lee Matar Un Ruiseñor",Desconocido,
harrypotter.pdf,.pdf,17338552,harrypotter,Desconocido,
"hemingway, ernest - el viejo.pdf",.pdf,656331,"hemingway, ernest el viejo",Desconocido,
holmes1.txt,.txt,607643,holmes1,Desconocido,
Holmes10.txt,.txt,345924,Holmes10,Desconocido,
Holmes2.txt,.txt,268814,Holmes2,Desconocido,
Holmes3.txt,.txt,261193,Holmes3,Desconocido,
Holmes4.txt,.txt,344212,Holmes4,Desconocido,
Holmes6.txt,.txt,622127,Holmes6,Desconocido,
Holmes7.txt,.txt,349320,Holmes7,Desconocido,
holmes8.txt,.txt,653997,holmes8,Desconocido,
Holmes9.txt,.txt,357773,Holmes9,Desconocido,
Holmex5.txt,.txt,612925,Holmex5,Desconocido,
Horror 7. Lo mejor del terror contempora - Stephen King.pdf,.pdf,1279484,Horror 7. Lo mejor del terror contempora,Desconocido,
i-dune-de-frank-herbert-r1-3.pdf,.pdf,2797757,i dune de frank herbert r1 3,Desconocido,
Insomnia - Stephen King.pdf,.pdf,3862244,Insomnia,Desconocido,
Isabel Allende La Casa de los Espíritus.pdf,.pdf,1592815,La Casa de los Espíritus,Desconocido,
J.R.R. Tolkien La Comunidad del anillo I.pdf,.pdf,952790,La Comunidad del anillo I,Desconocido,
Jerome K. Jerome Tres hombres en una barca.pdf,.pdf,727445,Jerome K. Jerome Tres hombres en una barca,Desconocido,
juego-de-caballeros.pdf,.pdf,4389849,juego de caballeros,Desconocido,
La chica que amaba a Tom Gordon - Stephen King.pdf,.pdf,867961,La chica que amaba a Tom Gordon,Desconocido,
La conjura de los necios - John Kennedy Toole.pdf,.pdf,1701510,La conjura de los necios,Desconocido,
La cupula - Stephen King.pdf,.pdf,4394135,La cupula,Desconocido,
La milla verde - Stephen King.pdf,.pdf,1570494,La milla verde,Desconocido,
La tienda - Stephen King.pdf,.pdf,3146131,La tienda,Desconocido,
La Torre Oscura - Stephen King.pdf,.pdf,11057619,La Torre Oscura,Desconocido,
las-cenizas-de-angela.pdf,.pdf,3520329,las cenizas de angela,Desconocido,
las_cronicas_de_narnia_I_II_III_IV_V_VI_y_VII_de_lewis.pdf,.pdf,6765337,las cronicas de narnia I II III IV V VI y VII de lewis,Desconocido,
lazarillo.txt,.txt,169841,lazarillo,Desconocido,
La_chica_del_tren_-_Paula_Hawkins.pdf,.pdf,1189662,La chica del tren Paula Hawkins,Desconocido,
La_edad_de_la_inocencia-Edith_Wharton.pdf,.pdf,1418252,La edad de la inocencia Edith Wharton,Desconocido,
Lirio_del_valle-Balzac_Honore_De.pdf,.pdf,903044,Lirio del valle Balzac Honore De,Desconocido,
Los-miserables.pdf,.pdf,7018901,Los miserables,Desconocido,
Los_amantes_de_Teruel-Juan_Eugenio_Hartzenbusch.pdf,.pdf,642764,Los amantes de Teruel Juan Eugenio Hartzenbusch,Desconocido,
Maria-Jorge_Isaacs.pdf,.pdf,2495293,Maria Jorge Isaacs,Desconocido,
MobyDick.txt,.txt,1276301,MobyDick,Desconocido,
Momo ed original - Michael Ende.pdf,.pdf,11455830,Momo ed original,Desconocido,
Mort-1.pdf,.pdf,938458,Mort 1,Desconocido,
Neal Stephenson - Snow Crash.pdf,.pdf,726917,Snow Crash,Desconocido,
Neuromante - William Gibson.pdf,.pdf,1107639,Neuromante,Desconocido,
Orgullo_y_prejuicio-Jane_Austen.pdf,.pdf,4200587,Orgullo y prejuicio Jane Austen,Desconocido,
pdfcoffee.com_1-rothfuss-patrick-el-nombre-del-viento-pdf-free.pdf,.pdf,2734331,rothfuss patrick el nombre del viento pdf free,Desconocido,
pepita.txt,.txt,346960,pepita,Desconocido,
Pepita_Jimenez-Juan_Valera.pdf,.pdf,641512,Pepita Jimenez Juan Valera,Desconocido,
platero.txt,.txt,227780,platero,Desconocido,
Quien pierde paga - Stephen King.pdf,.pdf,1807533,Quien pierde paga,Desconocido,
Quijote.txt,.txt,2225840,Quijote,Desconocido,
regenta.txt,.txt,1889465,regenta,Desconocido,
Robert Jordan - La rueda del tiempo 1 (El ojo del mundo).pdf,.pdf,1889964,La rueda del tiempo 1 (El ojo del mundo),Desconocido,
Ruiz-Zafon-Carlos-La-Sombra-Del-Viento_54Y.pdf,.pdf,1211234,Ruiz Zafon Carlos La Sombra Del Viento 54Y,Desconocido,
s1.txt,.txt,169541,s1,Desconocido,
s10.txt,.txt,148382,s10,Desconocido,
s2.html,.html,2596670,s2,Desconocido,
s3.txt,.txt,206932,s3,Desconocido,
s4.html,.html,130368,s4,Desconocido,
s5.txt,.txt,174209,s5,Desconocido,
s6.txt,.txt,121086,s6,Desconocido,
s7.txt,.txt,1032743,s7,Desconocido,
s8.txt,.txt,146723,s8,Desconocido,
s9.txt,.txt,1199294,s9,Desconocido,
Sentido_y_sensibilidad-Jane_Austen.pdf,.pdf,2602623,Sentido y sensibilidad Jane Austen,Desconocido,
The-Martian [www.languagecentre.ir].pdf,.pdf,1326093,The Martian,Desconocido,
Trilogia Mistborn - Brandon Sanderson.pdf,.pdf,30334578,Trilogia Mistborn,Desconocido,
Voltaire (Jean-Baptiste Poquelin) Cándido.pdf,.pdf,307348,(Jean Baptiste Poquelin) Cándido,Desconocido,
[PDF] 01. Juego de Tronos - 01 - Cancion de Hielo y Fuego.pdf,.pdf,3927073,[PDF] 01. Juego de Tronos 01 Cancion de Hielo y Fuego,Desconocido,
[PDF] 02. Juego de Tronos - Choque de Reyes.pdf,.pdf,4402229,[PDF] 02. Juego de Tronos Choque de Reyes,Desconocido,
[PDF] 03. Juego de Tronos - Tormenta de Espadas.pdf,.pdf,2912131,[PDF] 03. Juego de Tronos Tormenta de Espadas,Desconocido,
[PDF] 04. Juego de Tronos - Festín de Cuervos.pdf,.pdf,3986326,[PDF] 04. Juego de Tronos Festín de Cuervos,Desconocido,
[PDF] 05. Juego de Tronos - Danza de Dragones.pdf,.pdf,2309606,[PDF] 05. Juego de Tronos Danza de Dragones,Desconocido,
